{"cameraMode":{"drawMode":0,"name":"Shaded","section":"Shading Mode"},"sceneLighting":false,"audioPlay":false,"sceneViewState":{"m_AlwaysRefresh":false,"showFog":true,"showSkybox":true,"showFlares":true,"showImageEffects":true,"showParticleSystems":true,"showVisualEffectGraphs":true,"m_FxEnabled":true},"in2DMode":false,"pivot":{"x":189.4060516357422,"y":-2.2548723220825197,"z":293.54693603515627},"rotation":{"x":-0.06941425800323487,"y":-0.2916446924209595,"z":0.02110210992395878,"w":-0.9538472890853882},"size":14.554325103759766,"orthographic":false}