{"cameraMode":{"drawMode":0,"name":"Shaded","section":"Shading Mode"},"sceneLighting":false,"audioPlay":false,"sceneViewState":{"m_AlwaysRefresh":false,"showFog":true,"showSkybox":true,"showFlares":true,"showImageEffects":true,"showParticleSystems":true,"showVisualEffectGraphs":true,"m_FxEnabled":true},"in2DMode":false,"pivot":{"x":0.7014596462249756,"y":0.47028839588165285,"z":0.723047137260437},"rotation":{"x":0.031154995784163476,"y":-0.19808728992938996,"z":-0.0063008833676576618,"w":-0.9796949625015259},"size":0.8660253882408142,"orthographic":false}