{"cameraMode":{"drawMode":0,"name":"Shaded","section":"Shading Mode"},"sceneLighting":false,"audioPlay":false,"sceneViewState":{"m_AlwaysRefresh":false,"showFog":true,"showSkybox":true,"showFlares":true,"showImageEffects":true,"showParticleSystems":true,"showVisualEffectGraphs":true,"m_FxEnabled":true},"in2DMode":false,"pivot":{"x":182.03692626953126,"y":3.7786221504211427,"z":262.54656982421877},"rotation":{"x":-0.03979838266968727,"y":-0.35503217577934267,"z":-0.015131671912968159,"w":0.9338968992233276},"size":0.9457213878631592,"orthographic":false}